{
  "train_loss": [
    1.6334333681364488,
    1.5233300232227394,
    1.520618787730105,
    1.5275752506624083,
    1.530899408286462,
    1.5319579441442628,
    1.5347623889622821,
    1.5411110496826725,
    1.5448077581517423,
    1.545691158450508,
    1.5493079260463318,
    1.5507317859643117,
    1.5548436323117294,
    1.557233598250302,
    1.5661569891192948
  ],
  "train_accuracy": [
    0.8354463226571768,
    0.9399095492289442,
    0.9419669335705813,
    0.9338671411625148,
    0.929733837485172,
    0.9290665776986952,
    0.9262307236061684,
    0.9198546856465006,
    0.915980871886121,
    0.9150911921708185,
    0.9115324733096085,
    0.910086743772242,
    0.9062314650059312,
    0.903729240806643,
    0.8945173487544484
  ],
  "val_loss": [
    1.5322270969947476,
    1.5095965015338788,
    1.5090563318220394,
    1.5160531056895865,
    1.5138454312128706,
    1.5161643038814079,
    1.5280225158203902,
    1.5251009650484708,
    1.5195291255362138,
    1.5333598319846575,
    1.521346128763495,
    1.5233861609285164,
    1.5274004232685,
    1.5265385398934705,
    1.5269081785580305
  ],
  "val_accuracy": [
    0.93,
    0.9511666666666667,
    0.9531666666666667,
    0.9453333333333334,
    0.947,
    0.9451666666666667,
    0.9328333333333333,
    0.936,
    0.9411666666666667,
    0.9278333333333333,
    0.9393333333333334,
    0.9371666666666667,
    0.9335,
    0.9341666666666667,
    0.9338333333333333
  ],
  "learning_rate": [
    0.0005,
    0.001,
    0.001001,
    0.0009240769230769232,
    0.0008471538461538462,
    0.0007702307692307693,
    0.0006933076923076923,
    0.0006163846153846154,
    0.0005394615384615385,
    0.0004625384615384616,
    0.00038561538461538464,
    0.00030869230769230773,
    0.00023176923076923073,
    0.00015484615384615385,
    7.792307692307687e-05
  ],
  "trial_metrics": [
    {
      "step": 0,
      "trial_weight": 0.05,
      "memory": {
        "total_stored": 0,
        "total_seen": 0,
        "total_corrected": 0
      },
      "exploration": {
        "total_trials": 0,
        "successful_trials": 0,
        "success_rate": 0.0,
        "current_scale": 0.001,
        "avg_improvement": 0.0,
        "total_improvement": 0.0
      },
      "trend": {
        "trend": "insufficient_data"
      },
      "latest_report": null
    },
    {
      "step": 0,
      "trial_weight": 0.05,
      "memory": {
        "total_stored": 0,
        "total_seen": 0,
        "total_corrected": 0
      },
      "exploration": {
        "total_trials": 0,
        "successful_trials": 0,
        "success_rate": 0.0,
        "current_scale": 0.001,
        "avg_improvement": 0.0,
        "total_improvement": 0.0
      },
      "trend": {
        "trend": "insufficient_data"
      },
      "latest_report": null
    },
    {
      "step": 0,
      "trial_weight": 0.05,
      "memory": {
        "total_stored": 0,
        "total_seen": 0,
        "total_corrected": 0
      },
      "exploration": {
        "total_trials": 0,
        "successful_trials": 0,
        "success_rate": 0.0,
        "current_scale": 0.001,
        "avg_improvement": 0.0,
        "total_improvement": 0.0
      },
      "trend": {
        "trend": "insufficient_data"
      },
      "latest_report": null
    },
    {
      "step": 843,
      "trial_weight": 0.05,
      "memory": {
        "total_stored": 2000,
        "total_seen": 3568,
        "total_corrected": 1551,
        "correction_rate": 0.4346973094170404,
        "avg_priority": 3.3498328403180637,
        "max_priority": 9.755308162999793,
        "avg_confidence": 0.9202400870425691,
        "avg_loss": 2.4117598512373606,
        "num_confusion_pairs": 87,
        "uncorrected_count": 1973,
        "corrected_count": 27
      },
      "exploration": {
        "total_trials": 24,
        "successful_trials": 5,
        "success_rate": 0.20833333333333334,
        "current_scale": 0.0199,
        "avg_improvement": 0.04996093438228938,
        "total_improvement": 0.39968747505831503
      },
      "trend": {
        "trend": "stable",
        "severity_change": 0.006830678966147863,
        "pattern_change": 0,
        "current_severity": 0.46348073081576413
      },
      "latest_report": {
        "severity": 0.46348073081576413,
        "patterns": 7,
        "hardest_classes": [
          9,
          3,
          8,
          5,
          2
        ]
      }
    },
    {
      "step": 1686,
      "trial_weight": 0.05,
      "memory": {
        "total_stored": 2000,
        "total_seen": 7359,
        "total_corrected": 3257,
        "correction_rate": 0.4425873080581601,
        "avg_priority": 3.5539283533994417,
        "max_priority": 7.236952264841748,
        "avg_confidence": 0.9485358089328076,
        "avg_loss": 2.4277292325747477,
        "num_confusion_pairs": 86,
        "uncorrected_count": 1982,
        "corrected_count": 18
      },
      "exploration": {
        "total_trials": 48,
        "successful_trials": 12,
        "success_rate": 0.25,
        "current_scale": 0.0199,
        "avg_improvement": 0.061191162007581984,
        "total_improvement": 0.9790585921213117
      },
      "trend": {
        "trend": "stable",
        "severity_change": -0.03166683003009729,
        "pattern_change": 0,
        "current_severity": 0.4419521151248537
      },
      "latest_report": {
        "severity": 0.4419521151248537,
        "patterns": 7,
        "hardest_classes": [
          3,
          9,
          8,
          5,
          2
        ]
      }
    },
    {
      "step": 2529,
      "trial_weight": 0.05,
      "memory": {
        "total_stored": 2000,
        "total_seen": 11186,
        "total_corrected": 4913,
        "correction_rate": 0.439209726443769,
        "avg_priority": 3.6787308954489872,
        "max_priority": 9.724837277641527,
        "avg_confidence": 0.9609202924545769,
        "avg_loss": 2.433878381208744,
        "num_confusion_pairs": 86,
        "uncorrected_count": 2000,
        "corrected_count": 0
      },
      "exploration": {
        "total_trials": 75,
        "successful_trials": 27,
        "success_rate": 0.36,
        "current_scale": 0.0199,
        "avg_improvement": 0.08318507658744799,
        "total_improvement": 2.0796269146862
      },
      "trend": {
        "trend": "stable",
        "severity_change": 0.006788935518381556,
        "pattern_change": 0,
        "current_severity": 0.47212412524039615
      },
      "latest_report": {
        "severity": 0.47212412524039615,
        "patterns": 7,
        "hardest_classes": [
          9,
          8,
          3,
          5,
          7
        ]
      }
    },
    {
      "step": 3372,
      "trial_weight": 0.05,
      "memory": {
        "total_stored": 2000,
        "total_seen": 15166,
        "total_corrected": 6657,
        "correction_rate": 0.43894237109323486,
        "avg_priority": 3.707673719235971,
        "max_priority": 9.565329786694877,
        "avg_confidence": 0.9657611360577982,
        "avg_loss": 2.438429701156393,
        "num_confusion_pairs": 88,
        "uncorrected_count": 2000,
        "corrected_count": 0
      },
      "exploration": {
        "total_trials": 99,
        "successful_trials": 36,
        "success_rate": 0.36363636363636365,
        "current_scale": 0.0199,
        "avg_improvement": 0.08491198222570678,
        "total_improvement": 2.802095413448324
      },
      "trend": {
        "trend": "stable",
        "severity_change": -0.00655506443576942,
        "pattern_change": 0,
        "current_severity": 0.4608735305197478
      },
      "latest_report": {
        "severity": 0.4608735305197478,
        "patterns": 7,
        "hardest_classes": [
          3,
          8,
          9,
          2,
          5
        ]
      }
    },
    {
      "step": 4215,
      "trial_weight": 0.05,
      "memory": {
        "total_stored": 2000,
        "total_seen": 19490,